area_sqft,bedrooms,bathrooms,location,furnishing,parking,age_years,floor,has_gym,has_pool,rent
1360,1,2,Downtown,Unfurnished,3,1,2,0,0,1904.8539089499106
1794,4,2,Uptown,Furnished,0,11,2,1,1,2985.1090731748873
1630,5,2,Suburbs,Semi-Furnished,2,41,17,1,1,2280.8923870250396
1595,1,3,Suburbs,Furnished,0,17,10,1,0,1330.3673288392881
2138,1,2,Rural,Unfurnished,2,10,19,1,0,2006.996163618564
2669,5,2,Suburbs,Unfurnished,2,15,4,0,0,2606.5914410833693
966,3,1,Suburbs,Furnished,0,48,18,1,0,948.9241057583191
1738,2,3,Downtown,Semi-Furnished,0,17,18,1,1,2311.2132055311995
830,4,2,Downtown,Semi-Furnished,1,34,14,0,0,1394.586070290712
1982,2,3,Uptown,Unfurnished,1,25,15,1,0,1891.0221377521914
2635,5,2,Downtown,Furnished,1,15,8,1,0,3546.0899220230776
630,1,2,Downtown,Semi-Furnished,2,5,3,1,0,1660.3423372681132
2185,1,2,Downtown,Semi-Furnished,0,43,14,0,0,1723.7877668510337
1269,4,1,Downtown,Unfurnished,3,42,11,1,1,2315.1419735526997
2891,1,1,Uptown,Semi-Furnished,2,46,2,1,1,2046.9269753055976
2015,1,1,Downtown,Furnished,3,46,13,0,0,1986.608172107887
2933,4,3,Rural,Unfurnished,0,47,16,0,0,2159.058510610423
1715,4,3,Rural,Unfurnished,2,41,18,1,1,1922.3436803849631
1455,5,1,Rural,Furnished,3,11,5,1,0,2363.0170017978826
2824,1,3,Rural,Unfurnished,3,12,3,0,1,2619.9082462338047
1684,1,2,Downtown,Semi-Furnished,1,3,6,1,1,2579.6588304109887
959,5,2,Rural,Semi-Furnished,1,38,18,0,0,1629.7550088237376
521,3,2,Downtown,Furnished,1,1,16,1,1,2709.2395521984827
2800,3,1,Uptown,Semi-Furnished,2,25,15,0,0,2417.0777220269915
1247,3,3,Rural,Furnished,0,26,14,1,0,2211.975216940508
974,5,1,Suburbs,Furnished,0,26,7,0,1,2287.897688065716
1582,1,3,Rural,Semi-Furnished,1,14,18,0,1,1254.3061003927623
2547,5,2,Rural,Furnished,1,7,7,0,0,2947.7986614265665
1475,5,1,Downtown,Semi-Furnished,1,6,17,0,1,2644.7860378175083
2306,3,3,Rural,Unfurnished,3,46,15,0,0,1958.1792368831802
689,2,3,Suburbs,Unfurnished,1,45,19,1,1,1292.8831076302774
1062,1,2,Downtown,Furnished,3,39,18,1,1,2099.2250137283754
2399,3,1,Downtown,Semi-Furnished,0,11,9,0,0,2192.4102159215913
1767,2,1,Uptown,Semi-Furnished,2,12,16,1,0,1958.1789789926038
2028,2,1,Uptown,Unfurnished,2,42,12,1,0,2034.918915873678
1146,4,2,Rural,Unfurnished,2,16,12,1,1,2099.5076193765353
2568,1,1,Uptown,Semi-Furnished,2,16,6,1,0,2249.3909496512265
2714,2,2,Uptown,Furnished,3,35,9,1,0,2701.589379944182
1797,3,2,Uptown,Unfurnished,3,20,1,1,1,2638.912802030323
2935,4,2,Downtown,Furnished,1,7,3,0,1,3355.657093903364
1100,1,3,Downtown,Furnished,3,4,5,1,0,2310.0559001160414
2863,5,1,Downtown,Unfurnished,1,25,17,1,0,3060.9662782868145
2561,3,1,Uptown,Furnished,1,15,5,1,0,2475.2328158746923
741,2,2,Downtown,Furnished,2,35,16,0,0,1554.4566562215455
2541,2,2,Uptown,Semi-Furnished,3,27,13,1,1,2713.1223537147785
1863,3,1,Downtown,Furnished,3,28,10,1,1,2877.4663832576066
2639,2,2,Downtown,Semi-Furnished,1,46,18,1,0,2470.7730849315417
1890,4,1,Suburbs,Unfurnished,1,11,1,0,0,1764.8977963629673
1978,1,3,Rural,Unfurnished,0,36,2,1,0,1440.5204452010482
1275,4,2,Uptown,Semi-Furnished,0,29,10,0,1,1813.1265178232343
534,2,1,Suburbs,Unfurnished,1,22,5,1,0,988.2257098218653
2753,5,2,Downtown,Furnished,0,15,13,0,0,3564.6492232050496
2455,1,1,Uptown,Furnished,0,13,18,0,1,2344.1649654505604
2085,1,1,Downtown,Furnished,1,9,15,0,1,2614.7388552553166
1521,3,2,Rural,Unfurnished,1,6,6,1,0,1856.9999725775724
1629,3,3,Suburbs,Furnished,3,44,7,0,0,2185.618766999035
2000,5,1,Rural,Unfurnished,1,36,18,0,1,2105.083548522492
1202,1,1,Suburbs,Furnished,1,28,19,0,0,866.0143866828464
2949,5,1,Downtown,Semi-Furnished,2,2,15,0,0,3353.8442777397213
2079,3,3,Rural,Unfurnished,3,14,6,1,1,2400.440661241898
661,3,3,Rural,Unfurnished,3,35,8,1,1,2148.325790313782
701,1,2,Downtown,Furnished,3,46,12,1,1,1773.682368244933
2481,4,3,Rural,Unfurnished,2,45,0,1,0,2519.5075710897995
1495,2,2,Uptown,Unfurnished,1,18,7,0,1,1865.017356094881
2817,3,2,Suburbs,Semi-Furnished,3,12,3,1,1,2591.7773151928186
1315,3,3,Suburbs,Semi-Furnished,3,41,2,0,0,1217.7953939870858
955,4,2,Suburbs,Furnished,0,20,2,1,0,1977.3027910148262
1775,4,3,Uptown,Semi-Furnished,3,36,12,1,1,3037.368185354212
1516,5,2,Suburbs,Furnished,1,26,7,1,1,2401.0392585579284
2843,5,3,Downtown,Furnished,1,28,6,0,0,3160.161496088082
837,2,3,Rural,Furnished,0,19,0,1,0,1463.467453515675
1378,2,2,Uptown,Unfurnished,3,24,15,1,1,1911.5765909522534
1576,1,1,Suburbs,Semi-Furnished,3,5,5,1,1,1607.9368640275814
1291,5,2,Downtown,Furnished,3,35,6,0,0,2817.574739945057
2764,3,3,Rural,Semi-Furnished,2,1,11,1,1,2961.9073905194323
1263,5,1,Rural,Furnished,3,21,8,1,0,2155.5984882235966
2735,3,2,Uptown,Semi-Furnished,1,31,10,0,1,2675.200157252239
879,4,2,Uptown,Semi-Furnished,1,15,9,0,0,1922.8744690151582
992,5,2,Uptown,Furnished,2,17,0,1,0,2508.588502791075
1680,4,1,Downtown,Unfurnished,2,4,17,1,1,2827.583304183612
2562,2,3,Downtown,Semi-Furnished,3,35,3,1,1,3035.100376615395
564,2,2,Uptown,Unfurnished,0,29,4,0,0,1077.2206261966794
1867,1,2,Suburbs,Unfurnished,2,44,8,0,1,1401.6228173931065
1652,5,2,Rural,Furnished,2,18,16,0,1,2932.5172236450594
2527,4,2,Rural,Furnished,3,22,2,1,1,3210.036162603037
1995,3,2,Downtown,Furnished,3,33,15,0,0,2577.3641967004532
1662,2,3,Rural,Semi-Furnished,2,12,4,1,1,2022.0661864602191
2022,2,3,Suburbs,Furnished,0,42,15,0,1,1829.3827299726652
891,3,2,Rural,Furnished,2,28,2,0,0,1691.9241894455622
2198,4,1,Downtown,Semi-Furnished,3,35,19,0,1,2574.450487999619
918,4,3,Downtown,Semi-Furnished,3,21,14,1,1,2564.0201821594387
2836,5,1,Suburbs,Furnished,2,46,2,1,0,2969.6044776231624
878,5,3,Suburbs,Furnished,0,35,19,1,0,2027.3263924134778
2296,1,2,Rural,Furnished,2,8,13,1,1,2657.7065254242375
2778,2,3,Rural,Furnished,2,38,15,0,1,2718.6119746704685
2588,5,2,Downtown,Unfurnished,3,18,16,1,0,3128.6656341859875
2682,4,3,Suburbs,Unfurnished,0,37,19,0,0,2200.5733883518596
700,3,2,Suburbs,Furnished,1,5,17,1,1,2147.9898079937084
2363,4,2,Suburbs,Unfurnished,0,46,17,1,1,1927.0647869697975
1279,2,2,Rural,Semi-Furnished,2,14,13,0,1,1683.4421640717353
1002,4,2,Suburbs,Unfurnished,2,19,17,0,0,1603.1527052602512
2954,1,1,Downtown,Unfurnished,2,8,14,1,1,2446.0422515755226
2251,2,2,Downtown,Furnished,0,31,14,1,0,2489.431860903787
1304,3,1,Rural,Unfurnished,3,3,5,0,0,1504.5063967746935
2646,1,1,Uptown,Unfurnished,2,49,14,0,0,1449.4696435767148
2395,2,2,Rural,Unfurnished,2,17,17,0,1,2129.3281351645264
2070,3,1,Uptown,Unfurnished,0,4,3,0,1,1858.8294121493986
1460,1,3,Suburbs,Semi-Furnished,1,19,7,0,1,1355.1419414830236
1985,1,2,Rural,Furnished,1,22,14,1,0,2332.7348505005293
1528,2,1,Downtown,Furnished,3,10,2,1,1,2794.0444786813887
1002,5,2,Suburbs,Semi-Furnished,3,36,14,1,0,1714.7150187665293
897,1,2,Downtown,Unfurnished,2,21,12,1,0,1869.3331880200792
1370,1,2,Suburbs,Semi-Furnished,0,3,8,0,0,956.5912878445732
892,3,1,Rural,Unfurnished,2,28,1,0,0,1005.2609693729055
706,4,3,Uptown,Semi-Furnished,3,43,7,0,0,1543.2297180141425
1538,2,3,Suburbs,Furnished,0,33,19,1,0,1790.2159757332042
2381,2,1,Uptown,Furnished,0,12,16,0,1,2694.2259244194256
1984,5,2,Suburbs,Furnished,3,41,12,0,0,2282.1987534880286
1363,5,1,Downtown,Unfurnished,1,8,0,1,1,2289.4113925181823
1063,2,1,Downtown,Unfurnished,1,41,1,1,0,1639.6933349038839
1520,5,1,Suburbs,Semi-Furnished,0,30,14,1,1,2270.760100217536
595,3,2,Uptown,Semi-Furnished,2,6,11,0,1,1438.4839067170533
2423,2,1,Rural,Furnished,1,3,13,0,1,2423.5108682892887
2257,5,2,Rural,Unfurnished,2,18,1,1,1,2843.801070423058
2778,2,1,Downtown,Semi-Furnished,1,41,17,1,0,2121.504939022449
2178,4,3,Rural,Unfurnished,1,29,6,0,0,1870.1288666661535
1040,1,1,Downtown,Unfurnished,2,30,5,1,0,1618.350069089311
1559,2,1,Rural,Furnished,3,34,13,0,0,1625.314106291439
1683,1,3,Suburbs,Furnished,1,20,7,1,1,2092.385291485344
2222,5,2,Downtown,Unfurnished,1,30,1,1,1,2936.64612943336
2319,1,2,Downtown,Unfurnished,2,18,16,1,1,2369.1181591100085
2097,2,1,Suburbs,Unfurnished,3,30,4,0,0,1107.5052917452108
1295,4,3,Downtown,Unfurnished,1,31,13,0,1,2341.894394043024
1551,5,2,Rural,Furnished,1,1,19,1,0,2903.2652758908444
2143,2,1,Rural,Semi-Furnished,3,9,2,0,1,1853.4491159902693
1863,5,3,Downtown,Furnished,1,1,4,1,1,3317.017061146652
2481,3,2,Rural,Semi-Furnished,3,1,15,1,1,2867.6329132914
1854,1,2,Uptown,Unfurnished,3,23,17,0,1,2121.015999689267
2163,3,3,Downtown,Semi-Furnished,2,16,16,0,1,2754.318807863765
2029,2,3,Suburbs,Furnished,0,31,10,0,0,1784.7471070600716
2538,4,3,Uptown,Furnished,3,15,16,0,1,3521.7806234437517
1996,5,3,Downtown,Unfurnished,2,15,15,1,0,3116.8901062741347
2737,1,1,Suburbs,Furnished,0,45,1,0,0,1768.5258671507963
1908,5,3,Rural,Unfurnished,1,38,3,0,0,2611.448515184844
1900,2,2,Suburbs,Furnished,0,30,6,1,0,1458.1672889619088
1806,5,2,Uptown,Furnished,3,42,1,1,0,3078.951026111596
1472,1,1,Rural,Unfurnished,3,23,5,1,0,1327.0519402046668
2268,2,2,Downtown,Semi-Furnished,3,0,16,1,0,3061.640187770832
1782,5,2,Rural,Furnished,3,10,6,0,0,2835.8709022531357
1209,4,3,Downtown,Semi-Furnished,3,20,4,0,1,2666.7312919871424
1979,2,2,Downtown,Furnished,2,3,4,1,1,3161.5045884882065
1934,2,1,Suburbs,Furnished,3,6,19,1,0,2128.1688457630403
1148,4,3,Suburbs,Furnished,2,25,15,0,0,1919.1397155790291
817,3,3,Suburbs,Furnished,1,46,18,0,0,1560.6726231196699
1757,1,1,Uptown,Semi-Furnished,3,49,8,0,1,1369.6343102420992
1183,3,3,Uptown,Semi-Furnished,3,11,4,0,1,2459.9745183283135
1163,5,3,Suburbs,Furnished,0,30,7,0,0,2037.6495166174998
2498,4,1,Uptown,Furnished,1,16,8,1,0,2423.1116697754846
2131,3,3,Rural,Semi-Furnished,3,32,4,1,1,2330.623509907412
1995,2,1,Rural,Unfurnished,3,10,9,1,1,2164.4676390049244
1636,5,1,Uptown,Unfurnished,1,27,1,1,0,2166.7998672183016
2353,5,2,Uptown,Semi-Furnished,2,31,8,0,0,2157.153577647563
2020,3,2,Rural,Furnished,3,0,10,1,0,2924.150025565232
2989,3,3,Downtown,Furnished,0,46,3,0,0,2918.375010254322
1063,4,3,Rural,Unfurnished,3,27,1,0,1,2100.247858253961
1791,1,1,Rural,Unfurnished,0,41,5,0,1,940.8447695643513
2136,3,3,Uptown,Semi-Furnished,0,6,13,0,0,2464.2979376293315
1198,3,1,Rural,Unfurnished,3,1,0,0,0,2005.9640289173406
2660,2,1,Uptown,Semi-Furnished,3,41,17,0,0,1922.9854032745284
501,5,3,Uptown,Unfurnished,0,23,6,0,1,2303.9025410714144
1141,1,1,Suburbs,Unfurnished,1,3,0,1,0,1220.2128131784013
2767,2,2,Rural,Unfurnished,1,43,0,0,0,1579.6134503926273
2089,4,3,Downtown,Furnished,3,18,0,1,0,3806.9781275182017
1354,4,2,Suburbs,Furnished,2,25,3,1,1,2455.3280479777864
2259,3,3,Uptown,Furnished,1,10,3,0,0,2914.795733754608
2932,3,1,Uptown,Unfurnished,3,39,17,0,1,2572.1295790546483
2161,4,3,Downtown,Semi-Furnished,1,49,10,1,0,2431.2346709340964
1653,3,2,Uptown,Semi-Furnished,2,42,0,1,0,1990.0626489351578
1576,1,1,Rural,Semi-Furnished,3,10,9,1,0,1804.2927446966657
2207,3,3,Suburbs,Semi-Furnished,2,44,8,1,1,2201.568037562862
2195,5,3,Uptown,Furnished,3,2,3,0,0,3422.1497508851726
2233,3,3,Uptown,Furnished,2,11,5,0,0,3147.765694395917
1939,2,2,Downtown,Unfurnished,1,2,15,0,1,2389.434630839152
2794,1,2,Rural,Unfurnished,1,41,1,1,1,2039.0552622338241
1335,2,3,Uptown,Semi-Furnished,2,26,17,0,1,2132.9701013479394
702,2,1,Downtown,Furnished,2,48,9,1,0,1531.6438102246034
622,5,1,Uptown,Semi-Furnished,2,1,16,0,1,2212.9675186399845
900,1,2,Downtown,Unfurnished,3,48,12,1,0,1552.2205555362345
1266,1,1,Downtown,Unfurnished,1,15,17,0,1,1552.8169612911747
793,1,2,Rural,Semi-Furnished,3,1,12,0,1,1549.6530329979987
2827,1,3,Uptown,Unfurnished,1,29,16,1,1,2414.1027833089124
697,1,2,Rural,Semi-Furnished,0,19,4,1,0,673.4824842079017
2430,5,2,Downtown,Furnished,3,37,10,1,0,3089.5917878359087
2691,3,3,Suburbs,Semi-Furnished,1,27,6,1,0,2274.8075312197884
1108,2,1,Uptown,Furnished,1,24,9,1,0,1550.8994596259558
1647,1,2,Suburbs,Furnished,3,31,16,0,0,1533.3252087490052
686,3,2,Uptown,Unfurnished,3,9,14,1,0,2025.3985263828977
2294,3,3,Rural,Unfurnished,1,41,17,0,0,1541.8651493249795
1159,2,1,Rural,Unfurnished,3,39,18,0,0,644.5658210825784
2455,5,2,Rural,Semi-Furnished,2,32,1,0,0,2257.6841566697435
2950,4,3,Rural,Semi-Furnished,3,12,3,0,1,3197.2460987173313
1869,4,2,Rural,Unfurnished,3,40,2,0,1,2192.272989403937
2486,3,3,Suburbs,Semi-Furnished,3,41,6,1,0,2179.987533417815
2034,2,1,Rural,Unfurnished,1,46,17,1,0,1590.8816464312924
646,4,1,Downtown,Semi-Furnished,2,36,9,0,0,1481.3180129763318
2234,3,1,Downtown,Furnished,0,15,6,0,0,2609.4907972254255
2343,5,1,Suburbs,Furnished,0,44,7,1,1,2458.9427344931655
988,4,2,Uptown,Unfurnished,2,21,5,1,1,2060.244729801269
2459,3,2,Downtown,Semi-Furnished,2,19,0,0,0,2518.4866423770522
2163,3,1,Uptown,Semi-Furnished,2,49,3,1,1,2338.3000769627115
2885,1,1,Suburbs,Furnished,1,42,13,1,1,2194.705029028551
1140,5,1,Uptown,Furnished,0,26,16,1,0,2403.6205327553084
2302,1,2,Uptown,Unfurnished,2,40,19,0,0,1823.1972165074162
2469,2,1,Uptown,Furnished,1,15,17,1,0,2162.266107365156
2698,1,1,Uptown,Unfurnished,0,33,10,0,0,2091.8829668617586
1938,1,1,Suburbs,Furnished,3,31,13,0,1,1884.0338028116937
2134,4,3,Downtown,Furnished,1,25,8,0,0,3069.934310877646
762,3,1,Rural,Semi-Furnished,0,24,14,0,1,1015.6324641006879
2287,5,3,Uptown,Furnished,1,1,11,0,0,3506.1356586601414
2691,1,3,Downtown,Furnished,0,11,9,1,1,2816.8784878799756
2893,5,1,Downtown,Unfurnished,0,39,18,0,0,2828.465815532699
1123,1,3,Suburbs,Furnished,3,8,18,0,0,1315.5733435505922
1516,2,1,Downtown,Unfurnished,1,11,5,0,1,2133.4417042700366
1380,1,2,Suburbs,Furnished,2,25,19,1,1,1574.089917672114
2549,4,2,Uptown,Furnished,3,8,5,1,1,3599.898904085425
1827,3,2,Uptown,Unfurnished,3,9,7,1,0,2744.968093349235
2801,2,2,Rural,Semi-Furnished,0,31,0,1,1,2305.043474900088
952,1,3,Rural,Unfurnished,2,33,16,1,1,1590.8763340235123
1683,5,1,Rural,Unfurnished,1,47,16,1,1,2195.6696887295616
2556,2,1,Downtown,Unfurnished,2,19,14,1,1,2583.143451418024
2182,2,1,Uptown,Semi-Furnished,2,38,6,0,1,2080.6660347615707
2755,1,2,Suburbs,Furnished,2,1,18,0,1,2222.516620811638
1654,2,2,Rural,Unfurnished,2,0,2,1,1,1939.61271641115
903,5,1,Suburbs,Unfurnished,2,35,10,0,1,1930.0309776568101
2699,2,2,Suburbs,Semi-Furnished,0,23,19,0,1,1942.4926395147559
2601,5,1,Rural,Unfurnished,0,26,18,1,0,1966.8996226658512
2196,1,1,Uptown,Furnished,3,1,8,0,0,2740.7397834662715
1127,3,1,Rural,Semi-Furnished,0,30,9,0,1,1325.9500566339439
1086,2,1,Suburbs,Furnished,3,13,1,1,0,1865.895644061158
2148,3,1,Rural,Furnished,3,1,0,0,0,2217.9060930156206
1943,5,1,Suburbs,Semi-Furnished,1,28,15,1,1,2348.311314105974
1945,2,1,Suburbs,Unfurnished,2,14,17,1,1,1984.0149941778388
603,4,2,Rural,Furnished,0,11,16,0,1,1627.203028675265
753,3,1,Downtown,Furnished,1,36,5,0,1,1832.5360628953683
1996,2,1,Rural,Furnished,0,27,13,0,1,1477.9064574433964
598,3,2,Downtown,Furnished,3,19,14,1,1,2389.6580934247995
2700,2,2,Suburbs,Semi-Furnished,0,38,13,1,0,2014.7692514519638
2384,1,2,Suburbs,Semi-Furnished,2,23,2,1,1,1862.630348201583
2419,3,1,Downtown,Furnished,3,20,18,0,0,3240.9595672853106
1377,4,3,Suburbs,Unfurnished,3,9,11,0,1,2061.2816974929888
837,4,3,Downtown,Furnished,1,45,1,1,1,2416.464930040881
1456,5,2,Downtown,Unfurnished,2,13,2,0,0,2466.714007277175
2204,2,3,Suburbs,Furnished,3,36,17,0,1,2355.963833725426
660,3,2,Uptown,Unfurnished,2,17,0,1,1,2184.2949564281844
2103,5,1,Downtown,Furnished,0,23,19,1,0,2724.6089007071805
897,3,3,Rural,Unfurnished,2,13,5,0,1,1678.245893814094
1800,2,1,Rural,Furnished,3,33,4,1,0,2000.9011505446279
1315,4,3,Suburbs,Furnished,1,11,0,0,1,2416.1317559835306
2027,1,1,Uptown,Unfurnished,3,21,18,1,1,2138.5349898618006
2419,4,3,Suburbs,Semi-Furnished,2,5,0,1,0,2566.4447320800887
1915,5,1,Uptown,Unfurnished,2,35,15,1,1,2593.1833056795003
1658,1,1,Downtown,Semi-Furnished,3,44,11,0,0,1765.3156903079048
1718,5,3,Downtown,Furnished,2,35,7,0,0,2637.095803383804
900,2,1,Downtown,Unfurnished,0,21,15,1,0,1300.5381698601946
1139,1,1,Downtown,Unfurnished,3,13,0,1,1,1576.3916740949328
959,5,1,Rural,Unfurnished,1,15,3,1,1,2036.8951393887482
1454,2,3,Rural,Semi-Furnished,3,35,9,0,0,1772.094109062894
969,4,3,Suburbs,Semi-Furnished,0,24,10,1,1,1807.8180025415913
1545,2,1,Uptown,Furnished,0,31,16,1,1,1761.3959970969406
2193,3,1,Downtown,Semi-Furnished,0,32,6,1,1,2181.250709709093
2585,2,3,Downtown,Semi-Furnished,0,44,11,1,0,2293.0885584254515
2777,2,3,Uptown,Furnished,0,35,6,0,1,2628.325590921695
1062,3,1,Uptown,Unfurnished,1,19,11,0,0,1673.3663557026741
2985,5,1,Suburbs,Unfurnished,2,17,14,1,1,2888.7247931113975
2299,5,1,Uptown,Furnished,0,37,1,0,1,2816.515667637172
2574,2,2,Downtown,Unfurnished,0,2,13,0,0,2405.9059941504265
725,3,3,Downtown,Semi-Furnished,3,22,12,0,1,2043.5486089520325
1297,3,2,Downtown,Furnished,1,31,3,1,0,2222.4247873318045
2831,4,3,Downtown,Furnished,1,44,13,0,1,3392.807676374196
1459,5,3,Downtown,Furnished,2,15,13,0,0,3212.4866779763406
2004,1,3,Suburbs,Unfurnished,1,4,15,0,1,1861.605362568302
952,5,3,Downtown,Furnished,3,3,6,1,1,3105.212373840446
1315,5,3,Suburbs,Furnished,3,20,18,1,1,3057.442960653088
1158,4,3,Downtown,Furnished,2,39,1,0,0,2259.366123369577
1046,1,3,Rural,Unfurnished,3,13,9,0,0,1395.1646335355065
1715,4,2,Rural,Semi-Furnished,0,38,17,1,0,1722.5334664592492
516,1,1,Rural,Furnished,0,30,16,1,1,926.2859815307562
1743,2,1,Rural,Semi-Furnished,3,13,4,0,0,1494.1047399623988
2705,1,2,Suburbs,Unfurnished,2,5,11,0,0,2126.5297560830927
1569,4,2,Suburbs,Unfurnished,1,11,5,1,0,1308.0874785024978
2646,5,2,Uptown,Unfurnished,2,15,8,1,0,3350.2941016734076
2268,1,2,Downtown,Unfurnished,1,16,19,0,0,1891.4984451211928
1560,1,3,Rural,Semi-Furnished,3,44,0,1,0,1521.5913819501295
2827,3,1,Suburbs,Furnished,3,22,14,0,0,2614.505123586986
801,5,3,Downtown,Unfurnished,0,13,5,0,0,2475.4954764041636
680,2,1,Downtown,Unfurnished,1,6,18,0,0,1469.5498271076137
1106,4,1,Suburbs,Semi-Furnished,2,45,17,1,0,1237.178163873191
1199,2,2,Rural,Semi-Furnished,3,31,5,0,1,1168.5490024178062
1492,5,3,Uptown,Unfurnished,2,14,12,0,1,2686.2393690254053
1639,1,2,Downtown,Furnished,0,43,0,1,0,1447.8649142233976
690,1,3,Uptown,Furnished,1,16,12,1,1,1759.302858737849
2800,5,1,Rural,Unfurnished,1,40,6,0,1,2391.473875933959
1480,1,2,Rural,Semi-Furnished,3,46,14,0,0,942.0168043942151
2506,1,2,Uptown,Unfurnished,1,43,11,1,0,1881.3547314729824
1684,1,1,Rural,Unfurnished,3,33,0,1,0,1264.7791978161586
627,4,1,Downtown,Semi-Furnished,0,4,14,1,1,2007.9626917342437
2565,4,1,Uptown,Unfurnished,1,44,3,0,0,1707.669876592539
2316,3,2,Rural,Unfurnished,3,26,12,0,1,2039.05896386289
2258,2,3,Uptown,Unfurnished,2,22,4,0,0,2387.5313463709754
1069,5,2,Downtown,Semi-Furnished,3,39,1,1,1,2755.3512545894887
1846,5,3,Rural,Furnished,1,13,0,0,1,2475.244656404201
2395,5,2,Downtown,Furnished,0,14,15,1,0,3144.5563637531736
1125,3,2,Rural,Semi-Furnished,1,42,5,0,0,1356.8930735198255
2186,4,1,Suburbs,Furnished,1,32,15,1,1,2329.3922373189703
654,3,3,Rural,Unfurnished,3,30,13,0,1,1554.7018425749775
1909,5,2,Uptown,Furnished,2,34,2,0,0,3002.8610658031816
1284,2,2,Rural,Unfurnished,1,16,14,1,0,1359.6845377113214
745,1,1,Downtown,Furnished,2,27,2,1,1,1701.5561179625768
2000,4,1,Downtown,Semi-Furnished,3,18,1,0,0,2538.592661881474
2205,4,3,Rural,Furnished,2,45,0,1,1,3123.1821595799656
1037,3,2,Uptown,Furnished,3,22,8,1,0,2337.740367257896
2390,4,3,Suburbs,Furnished,0,31,8,0,0,2438.8163255559534
2341,5,2,Uptown,Semi-Furnished,2,39,6,1,0,2625.628008863683
1420,5,3,Suburbs,Furnished,2,12,2,0,1,2847.7633856362245
2955,3,1,Downtown,Semi-Furnished,0,19,17,0,0,2669.4399539861597
1024,5,2,Uptown,Unfurnished,2,34,10,1,1,2107.364298104906
2029,2,3,Suburbs,Furnished,0,4,6,1,0,2411.825638389232
535,3,1,Rural,Semi-Furnished,1,8,8,0,1,1207.269542675314
1184,2,1,Downtown,Semi-Furnished,3,28,0,0,1,1866.9597269257213
519,1,3,Rural,Furnished,0,5,13,0,0,982.6421994023364
2868,2,2,Downtown,Unfurnished,2,24,19,0,1,2714.003594434218
899,1,2,Uptown,Semi-Furnished,0,30,5,0,1,943.4715469554342
1471,1,1,Uptown,Furnished,2,21,6,0,1,1659.8563659767399
2406,2,2,Downtown,Unfurnished,1,1,9,1,1,2918.418044085356
1666,3,2,Downtown,Semi-Furnished,0,44,6,1,0,1871.9766869113782
1615,5,2,Downtown,Semi-Furnished,1,4,1,1,0,2557.572466027517
1333,5,1,Uptown,Unfurnished,3,26,3,0,0,2591.9105294976753
2323,1,3,Suburbs,Unfurnished,2,24,16,1,1,1896.5689921368128
2482,1,2,Rural,Furnished,2,7,0,0,1,2589.420592203867
1353,3,1,Rural,Furnished,1,0,9,0,0,1531.2072716756397
550,4,1,Uptown,Semi-Furnished,3,19,18,1,0,1876.300467033559
1074,2,3,Rural,Unfurnished,0,43,14,0,1,1106.8879262762619
1648,1,2,Downtown,Unfurnished,0,22,9,0,0,1478.188653728319
2697,5,2,Suburbs,Unfurnished,2,31,18,0,0,2577.8484647531413
2861,3,3,Rural,Semi-Furnished,1,10,11,0,1,2692.9519712658666
2852,2,3,Suburbs,Unfurnished,1,38,15,0,0,1833.506963263591
2215,3,1,Downtown,Unfurnished,0,46,8,0,1,1925.9522238426
1181,2,1,Rural,Semi-Furnished,3,23,14,1,0,1045.7171576011199
1337,2,3,Uptown,Furnished,3,10,16,0,1,2579.61287687141
1577,1,2,Suburbs,Furnished,0,28,13,0,1,1257.7390345799984
2991,3,1,Downtown,Semi-Furnished,0,25,17,0,1,2696.2949913034363
2811,3,1,Suburbs,Unfurnished,1,15,1,0,1,2423.9955968241434
2095,5,2,Rural,Semi-Furnished,3,34,3,1,1,2699.1110063648107
504,5,1,Rural,Furnished,0,19,17,1,0,1517.3737403965483
1626,1,2,Uptown,Furnished,0,45,6,0,0,1644.7624822699938
1719,1,2,Downtown,Semi-Furnished,2,2,12,0,0,1957.9057043797493
1273,4,2,Downtown,Semi-Furnished,0,0,14,0,1,2169.667848199002
1376,5,3,Uptown,Furnished,0,46,0,1,0,2371.2544991093446
1491,2,3,Uptown,Semi-Furnished,3,0,10,1,1,2662.8594755969452
546,3,3,Downtown,Furnished,1,16,9,1,1,2278.1171371179744
768,1,2,Suburbs,Semi-Furnished,3,1,4,1,0,1499.6364829940608
869,3,2,Suburbs,Semi-Furnished,1,28,15,0,1,1200.43478695647
1135,3,3,Uptown,Semi-Furnished,2,19,10,1,0,1950.6573612628945
1629,4,1,Suburbs,Furnished,0,5,5,1,1,2155.2841968293496
2193,5,2,Downtown,Semi-Furnished,2,7,8,0,1,3363.241907381606
2182,1,1,Rural,Furnished,1,28,12,0,0,1550.3514859821596
1156,3,1,Rural,Furnished,3,47,7,1,1,1612.0476104512052
619,1,2,Suburbs,Semi-Furnished,3,32,13,1,0,860.2579315437793
1330,2,2,Uptown,Semi-Furnished,2,2,0,1,1,1580.7698024201945
2310,4,1,Uptown,Furnished,1,34,16,1,0,2770.5944726933285
1581,2,1,Uptown,Furnished,2,4,4,0,1,2266.3506721003387
2474,1,3,Uptown,Unfurnished,2,26,1,0,0,1645.7523697980205
1869,1,3,Uptown,Furnished,0,43,8,1,0,1613.1637117351836
1240,5,2,Suburbs,Unfurnished,2,11,3,1,1,2275.6811874884793
616,3,3,Rural,Unfurnished,0,19,16,1,0,1055.1658481790325
2353,3,3,Rural,Unfurnished,0,44,16,1,1,2295.169864737212
1650,2,3,Suburbs,Semi-Furnished,3,19,17,1,1,2218.714577198231
2431,4,3,Uptown,Semi-Furnished,0,8,15,0,0,2757.407188703574
1512,3,1,Suburbs,Furnished,0,38,7,0,0,905.130612957059
2164,5,2,Rural,Unfurnished,3,3,10,0,0,2546.9083171586212
1581,2,3,Downtown,Semi-Furnished,2,18,17,1,0,2170.9767098781886
1133,2,1,Suburbs,Semi-Furnished,1,37,9,1,0,805.6891091790825
1012,5,1,Uptown,Semi-Furnished,1,26,12,0,1,1912.9649437672576
1619,4,1,Rural,Semi-Furnished,1,44,16,0,0,1194.2523585827876
1641,5,3,Rural,Semi-Furnished,2,42,17,1,1,2443.5441465900435
1059,4,3,Rural,Unfurnished,0,12,9,0,0,1812.8102708675542
987,5,2,Rural,Unfurnished,1,12,15,1,0,2059.5767476847345
1396,5,3,Uptown,Unfurnished,2,21,19,1,0,2560.417749657704
1712,1,3,Downtown,Unfurnished,0,27,4,0,1,2335.8479392667005
1203,2,1,Rural,Furnished,3,46,12,0,0,1519.495022900102
1970,5,2,Suburbs,Unfurnished,1,44,17,0,1,2124.6883592654895
1080,5,3,Downtown,Semi-Furnished,0,21,16,1,1,2533.545557959697
2794,3,3,Rural,Unfurnished,1,42,8,1,1,2744.605432556384
653,2,1,Downtown,Furnished,1,18,13,0,0,1798.0161365525466
2179,3,1,Suburbs,Semi-Furnished,1,7,16,1,1,1937.414559235154
1496,2,3,Rural,Unfurnished,0,7,3,1,0,1895.164263845749
1743,3,2,Suburbs,Unfurnished,2,41,17,1,1,1880.6252930552141
1592,5,2,Uptown,Unfurnished,0,25,19,0,0,1973.8176938813283
1508,5,1,Rural,Semi-Furnished,1,47,14,1,1,1488.1588281518673
2641,1,1,Rural,Semi-Furnished,0,25,10,0,0,1366.7167610604397
2273,3,3,Rural,Furnished,3,22,11,0,0,2564.054482956015
1457,4,1,Rural,Semi-Furnished,2,42,8,1,0,1925.9655308220435
952,1,3,Uptown,Semi-Furnished,0,12,12,0,1,1697.4467615497372
1727,3,2,Rural,Unfurnished,3,27,14,1,1,2026.922655724793
2765,3,2,Downtown,Semi-Furnished,2,8,14,0,0,2980.3684788439473
2979,1,3,Rural,Unfurnished,3,19,4,0,1,2614.749884534565
2888,5,1,Uptown,Unfurnished,2,18,18,1,1,3281.191477603443
1050,3,2,Rural,Semi-Furnished,0,47,19,0,1,1037.5691681937592
2135,5,1,Downtown,Furnished,3,38,13,0,1,3031.065508751311
1812,1,2,Uptown,Furnished,1,11,16,0,1,2273.09461409139
2257,5,3,Uptown,Semi-Furnished,3,14,17,1,1,3471.0961131050094
856,2,3,Downtown,Furnished,2,30,2,1,1,2269.409076847291
2570,4,3,Downtown,Unfurnished,0,13,1,0,0,2381.169558989332
2285,3,2,Downtown,Unfurnished,2,10,0,0,0,2384.395454541742
2281,4,1,Downtown,Semi-Furnished,3,25,9,0,1,2964.4377843224224
2989,5,1,Downtown,Furnished,3,41,18,1,0,3058.332400528825
2131,3,1,Uptown,Furnished,1,26,16,1,0,2642.336203273443
1515,5,2,Uptown,Unfurnished,0,10,11,0,0,2464.7314522277006
1848,2,2,Rural,Semi-Furnished,0,37,0,1,1,1612.2192763866412
1015,1,2,Rural,Furnished,3,33,11,1,1,1747.0862068457216
835,3,2,Suburbs,Semi-Furnished,0,42,16,1,1,1353.2549356717773
2282,2,2,Rural,Furnished,1,18,2,1,1,2387.6253743267575
2805,2,1,Rural,Unfurnished,2,5,10,0,1,2027.7221764822862
996,3,2,Downtown,Unfurnished,0,45,16,1,0,1791.4545950123372
1395,5,2,Downtown,Semi-Furnished,3,37,2,1,1,3058.946002276727
2707,2,1,Rural,Unfurnished,2,48,7,0,0,1381.7818951515317
1351,4,2,Suburbs,Furnished,2,41,19,0,1,1783.24899896606
2187,2,1,Downtown,Unfurnished,1,27,3,1,0,2096.140619048532
2431,5,1,Rural,Semi-Furnished,3,0,6,1,1,2890.25508087271
2927,5,3,Rural,Semi-Furnished,0,34,13,0,1,2802.489848041092
2068,4,3,Uptown,Semi-Furnished,3,39,13,0,1,2935.5988079720773
1456,2,3,Suburbs,Furnished,2,7,3,0,1,1758.8659123455009
2136,5,3,Uptown,Furnished,3,46,15,1,1,3624.254390323831
1791,3,2,Suburbs,Furnished,0,6,0,1,1,2304.166311624616
1940,1,3,Downtown,Furnished,0,10,16,0,0,2422.3557957300986
1691,1,1,Suburbs,Furnished,1,38,9,1,1,1689.2451676208932
1566,1,2,Rural,Unfurnished,0,3,15,0,0,1400.0682308395592
784,2,3,Rural,Furnished,0,24,15,1,1,1664.3816208059993
2944,4,1,Suburbs,Furnished,3,11,7,0,0,2971.1121203573493
511,5,2,Suburbs,Unfurnished,3,25,6,0,0,1663.3044101210805
2130,3,2,Suburbs,Furnished,2,37,5,1,0,2118.9434398441103
1253,3,3,Uptown,Semi-Furnished,1,45,15,1,0,1424.8889617125606
2582,2,2,Suburbs,Furnished,3,11,19,1,0,2387.162834446961
589,1,1,Downtown,Furnished,0,42,15,1,0,1153.6524041003931
1275,2,2,Uptown,Semi-Furnished,2,36,6,1,1,1670.138668620723
2125,4,1,Uptown,Semi-Furnished,3,45,8,1,0,2155.600785522093
917,4,2,Suburbs,Semi-Furnished,1,23,13,0,1,1988.350209137239
614,5,3,Downtown,Semi-Furnished,1,15,10,1,1,2728.7789593319744
1116,5,1,Uptown,Furnished,2,12,13,0,0,2337.5848068180053
1325,4,2,Rural,Semi-Furnished,2,24,6,0,0,1856.9069891310883
2149,4,2,Uptown,Semi-Furnished,2,3,0,1,1,2910.44627888182
2016,4,2,Suburbs,Unfurnished,2,10,12,0,0,2230.144686837299
912,2,1,Downtown,Semi-Furnished,2,31,19,0,0,1484.3257296837833
1228,4,1,Suburbs,Semi-Furnished,0,48,2,1,0,1150.4788064456243
1175,3,1,Rural,Unfurnished,0,6,19,1,0,1290.4498904925808
2392,1,3,Rural,Unfurnished,3,45,3,1,0,2090.786363693701
2739,4,3,Rural,Furnished,1,10,10,0,0,3042.3225934396214
1622,1,1,Suburbs,Unfurnished,0,27,1,1,0,590.0778243414566
2071,2,2,Uptown,Furnished,0,40,13,1,1,2151.872813993678
1477,1,3,Suburbs,Unfurnished,0,22,11,1,0,1162.2455000611212
1508,2,1,Downtown,Unfurnished,3,44,16,1,1,1889.7723822375203
2643,3,2,Uptown,Furnished,2,22,11,0,1,3173.980457751779
2187,2,3,Rural,Unfurnished,3,49,11,1,1,2107.3411936007383
536,2,2,Suburbs,Furnished,1,27,0,0,1,1020.0740658288909
2048,5,2,Rural,Unfurnished,1,42,12,1,0,2077.3570326082768
2826,4,2,Rural,Semi-Furnished,1,46,13,0,1,2461.347529523238
2764,4,2,Downtown,Unfurnished,1,25,1,0,1,2988.0709968932492
1372,3,3,Uptown,Furnished,0,24,11,0,1,2167.0648097673015
2321,3,3,Downtown,Unfurnished,0,28,15,1,1,2846.7438557477058
1796,4,3,Downtown,Furnished,3,18,3,0,1,3591.6384978878154
2609,5,1,Downtown,Furnished,2,32,7,1,0,3376.784966591704
1095,4,3,Rural,Semi-Furnished,1,35,1,1,0,1957.6883026063397
2403,5,2,Downtown,Semi-Furnished,3,13,9,1,1,3405.9771564270195
1228,3,3,Downtown,Furnished,0,13,8,1,0,2482.327577775188
1865,1,2,Uptown,Unfurnished,0,34,14,1,0,1536.7896030928634
896,3,1,Uptown,Furnished,2,29,12,0,1,1931.7358168135383
1198,3,2,Downtown,Furnished,2,27,16,1,1,2667.1039212761834
2724,2,2,Uptown,Unfurnished,2,16,15,0,1,2418.206175789044
2135,2,2,Uptown,Unfurnished,3,2,1,0,0,2476.966537102696
895,2,1,Downtown,Unfurnished,0,15,19,0,1,1221.9228122089567
2992,2,3,Rural,Unfurnished,0,45,19,0,0,1628.8486674986636
575,5,3,Downtown,Furnished,2,29,13,0,0,2874.625220234646
764,4,1,Uptown,Furnished,1,28,2,0,0,1649.9758521042247
2319,1,2,Rural,Semi-Furnished,2,44,11,0,1,1765.4038701972404
1217,3,3,Suburbs,Furnished,3,14,7,1,0,2608.1580784853913
1350,5,1,Rural,Unfurnished,2,45,1,0,1,1312.1087842443048
1890,1,3,Uptown,Semi-Furnished,2,24,3,1,1,2430.249236031142
643,5,1,Rural,Unfurnished,3,37,13,0,1,1731.2887212518542
1384,5,2,Downtown,Furnished,2,41,15,0,1,3110.079456186608
895,3,3,Suburbs,Semi-Furnished,0,46,18,0,1,1001.1953676670746
1992,4,1,Suburbs,Unfurnished,1,37,1,0,0,1966.2509313909227
1667,2,3,Suburbs,Semi-Furnished,2,22,11,1,0,1665.617113679462
1562,4,3,Uptown,Semi-Furnished,3,24,13,1,0,2751.955562855331
2656,3,3,Uptown,Furnished,1,41,5,1,0,2810.795792849112
1565,3,3,Suburbs,Unfurnished,3,6,12,0,0,2226.653761287028
1709,3,1,Rural,Semi-Furnished,1,21,3,0,1,1704.2738366610306
2945,1,2,Suburbs,Semi-Furnished,1,16,17,0,1,1744.6196831626542
1133,4,1,Rural,Unfurnished,2,17,11,1,0,1072.3911954112407
1656,4,1,Rural,Semi-Furnished,0,48,19,0,0,1339.9831067966982
1738,5,1,Uptown,Semi-Furnished,2,40,18,1,0,2216.2529924737305
1232,5,2,Rural,Semi-Furnished,3,9,7,1,1,2555.644190284059
734,5,3,Suburbs,Unfurnished,3,9,6,0,1,2176.569306831285
1250,3,3,Uptown,Unfurnished,1,6,15,0,1,2618.615476543564
1453,4,3,Downtown,Unfurnished,1,47,18,1,0,2302.607425565661
2042,3,2,Downtown,Unfurnished,0,49,5,1,0,1991.6104544834668
1697,1,3,Uptown,Furnished,2,37,19,1,0,2145.972613269373
2176,5,2,Suburbs,Semi-Furnished,3,26,10,0,0,2342.265040623739
1691,3,3,Downtown,Unfurnished,1,32,4,0,1,2394.0860468227975
2717,3,3,Downtown,Semi-Furnished,0,0,15,0,0,2665.003962552833
1916,1,1,Rural,Semi-Furnished,3,43,6,0,0,1176.282959628079
1717,2,2,Rural,Furnished,1,33,4,0,0,1532.929520792965
2040,4,1,Suburbs,Unfurnished,3,3,10,0,1,2215.452674926264
2576,2,1,Uptown,Unfurnished,0,16,14,1,1,2723.1471736145286
1945,5,1,Suburbs,Semi-Furnished,0,3,2,1,0,2025.7529260119668
2886,3,2,Uptown,Unfurnished,3,42,4,1,1,2874.3928446883874
2019,1,2,Downtown,Semi-Furnished,2,25,4,0,1,1998.9383930102485
1888,1,3,Rural,Semi-Furnished,3,3,8,1,1,2273.407894175975
2356,4,1,Suburbs,Furnished,1,0,14,0,1,2473.1229731062167
1865,2,3,Suburbs,Furnished,2,6,2,0,1,2590.5713647871103
999,4,1,Uptown,Furnished,1,29,5,1,0,2416.7312372717684
2180,3,2,Uptown,Semi-Furnished,3,49,16,0,0,1932.092152579866
1010,4,2,Suburbs,Unfurnished,2,8,7,1,0,2118.393772536264
716,1,2,Uptown,Furnished,1,34,10,1,1,1491.624131120862
1824,1,1,Suburbs,Unfurnished,3,7,5,0,1,1993.1582242152172
1655,5,2,Suburbs,Furnished,3,23,7,1,1,3285.1997972191984
2327,5,1,Suburbs,Furnished,2,18,9,1,1,2936.758997658308
2310,3,3,Downtown,Semi-Furnished,3,35,2,1,0,2500.9467838210694
2992,2,1,Uptown,Furnished,0,49,13,1,0,2495.616877487218
1705,4,3,Rural,Furnished,1,42,13,0,0,2127.383441588823
2714,3,1,Rural,Semi-Furnished,1,26,9,1,0,2197.3582335555284
590,5,3,Uptown,Unfurnished,3,31,11,1,0,2117.030991631127
1213,4,2,Suburbs,Furnished,3,13,5,1,0,2149.60143626786
2381,5,3,Rural,Semi-Furnished,0,17,11,0,1,2902.5696361933947
538,4,2,Rural,Furnished,2,27,13,1,1,2012.9579989112065
672,2,2,Uptown,Semi-Furnished,3,28,1,0,0,1067.288593163255
1152,3,3,Rural,Unfurnished,3,15,8,1,1,2263.375044640579
1253,4,1,Suburbs,Unfurnished,3,34,9,1,0,1783.7337195933
1743,1,1,Uptown,Semi-Furnished,3,46,16,1,0,1446.4402151352872
1581,1,1,Suburbs,Semi-Furnished,1,30,16,0,1,1464.4626468484644
2183,4,1,Rural,Semi-Furnished,3,3,2,0,0,2187.8653675305472
955,4,1,Rural,Unfurnished,1,36,18,0,0,1133.7027003690316
1328,4,2,Suburbs,Furnished,3,16,0,0,0,2357.7296175936394
1394,1,1,Downtown,Unfurnished,2,38,11,0,1,1582.3525900661443
1884,1,2,Rural,Semi-Furnished,0,47,6,0,1,895.1153691283128
2458,4,2,Downtown,Semi-Furnished,2,45,3,1,1,2965.759874598686
2934,5,2,Rural,Unfurnished,3,25,9,0,1,2934.1220416069536
2496,5,3,Downtown,Semi-Furnished,3,47,12,1,0,3349.3992489832526
2895,2,3,Downtown,Unfurnished,3,38,1,0,1,2947.743668799028
689,3,2,Downtown,Semi-Furnished,2,40,9,0,1,1763.4015306094782
1004,5,3,Suburbs,Furnished,3,3,3,0,1,2512.34976725619
1714,1,1,Downtown,Furnished,2,29,17,1,0,2020.994938417199
2031,5,1,Downtown,Semi-Furnished,1,29,4,0,1,2869.5202188025305
1323,2,2,Downtown,Unfurnished,0,21,18,0,1,1696.1927310917258
1428,2,1,Rural,Furnished,0,10,1,1,0,1607.489955382457
1433,3,2,Downtown,Unfurnished,2,1,11,1,0,2269.210789670198
1640,5,2,Rural,Semi-Furnished,1,43,16,1,0,1703.231471789666
633,1,1,Downtown,Unfurnished,2,11,9,1,0,1389.5281910021295
2605,1,3,Downtown,Furnished,1,29,1,0,1,2797.2602329754677
1184,4,1,Suburbs,Unfurnished,3,35,5,1,0,2040.772587846519
2720,1,1,Rural,Unfurnished,1,17,7,0,1,1748.9079232307581
2352,3,2,Downtown,Semi-Furnished,1,25,18,0,1,2615.9661464732235
1314,3,2,Rural,Semi-Furnished,1,6,10,1,1,1696.985296405815
1672,1,2,Rural,Semi-Furnished,0,0,11,0,1,1658.4480029813828
579,1,2,Uptown,Furnished,1,25,8,1,1,1669.118955870656
702,4,3,Suburbs,Furnished,3,22,1,0,0,2278.6789355382857
1752,1,3,Suburbs,Semi-Furnished,3,25,7,1,1,2148.324430301742
2199,4,3,Suburbs,Semi-Furnished,3,44,10,1,1,2629.7813337684565
1750,4,2,Uptown,Furnished,1,5,3,1,1,2880.98570008226
2182,1,2,Uptown,Furnished,2,5,9,1,0,2531.9336875780123
2055,2,2,Suburbs,Furnished,2,43,19,1,1,2125.2973075736477
2594,2,3,Uptown,Furnished,3,7,15,1,1,3517.679506647596
1756,4,2,Uptown,Semi-Furnished,0,23,7,0,0,2213.2462979924935
2049,1,1,Uptown,Furnished,2,21,3,0,1,2105.216911269049
1666,2,1,Suburbs,Semi-Furnished,1,18,9,0,1,1210.6012440346244
1896,1,2,Suburbs,Unfurnished,2,36,11,1,0,1704.677460044085
970,1,1,Suburbs,Unfurnished,3,17,13,0,1,1281.374791364641
1535,1,1,Uptown,Furnished,0,30,15,1,1,1703.601985885466
1853,5,3,Suburbs,Unfurnished,2,36,17,0,1,2525.0746696207343
1467,1,2,Uptown,Unfurnished,2,29,11,0,1,1658.4722612500059
857,5,2,Downtown,Unfurnished,3,41,17,1,1,2732.223585243895
1167,4,3,Uptown,Furnished,0,32,6,0,0,1727.5439536389947
872,2,1,Rural,Furnished,0,9,19,0,0,1116.5618066973136
1531,2,1,Suburbs,Unfurnished,3,36,6,0,0,1575.3109030957376
1645,2,2,Suburbs,Semi-Furnished,1,11,8,1,1,1975.1396806934624
1871,2,1,Rural,Unfurnished,2,29,0,0,1,1950.0213336628417
589,2,3,Uptown,Furnished,1,26,5,1,1,1690.138581367307
1039,2,3,Downtown,Furnished,2,38,5,0,0,2203.9393431876974
1368,2,2,Rural,Furnished,2,8,11,0,1,2206.4448846907667
540,4,3,Rural,Unfurnished,1,20,11,0,1,1283.6542929342331
1239,1,3,Uptown,Semi-Furnished,3,11,9,0,1,1900.3995420933832
2446,3,2,Suburbs,Furnished,3,28,5,1,0,2571.6941789611833
1724,5,3,Uptown,Furnished,2,32,16,0,0,2468.088794246519
1428,3,3,Rural,Unfurnished,3,42,18,1,1,1939.0795346959121
2536,3,3,Rural,Semi-Furnished,2,14,17,1,1,2902.636628155721
1424,1,1,Suburbs,Unfurnished,3,1,5,0,1,1473.815388095052
2081,1,2,Suburbs,Furnished,2,38,18,0,0,1708.9266311348053
889,1,2,Suburbs,Semi-Furnished,3,43,9,1,0,1014.3740565455304
2117,2,2,Uptown,Semi-Furnished,0,17,7,1,0,2036.0713177722469
755,4,1,Suburbs,Furnished,1,2,5,0,1,1766.4635951949142
1208,2,1,Rural,Semi-Furnished,0,6,6,0,0,1225.7627949767796
2338,4,2,Rural,Semi-Furnished,1,42,0,0,1,1831.5932476948017
2444,4,1,Downtown,Unfurnished,1,17,17,0,1,2803.7176277016365
2997,3,2,Uptown,Furnished,2,43,19,0,0,3045.597268103618
509,3,1,Downtown,Furnished,1,37,11,1,1,1795.025350031757
1297,4,3,Rural,Furnished,0,36,15,0,0,1693.0357556995446
1376,4,3,Downtown,Furnished,0,32,9,0,1,2763.1032277550757
1528,2,2,Rural,Furnished,3,43,9,1,1,2016.6863521174264
1515,2,1,Downtown,Semi-Furnished,0,30,13,0,0,1656.5894564113864
2324,3,1,Suburbs,Unfurnished,3,10,19,0,1,2319.6996971390545
873,1,3,Downtown,Furnished,1,3,9,1,1,1828.8415098497642
2693,4,3,Suburbs,Unfurnished,0,17,9,0,1,2862.48268208514
723,2,1,Suburbs,Unfurnished,1,3,10,1,1,1745.5052764956552
1762,3,1,Uptown,Semi-Furnished,0,48,1,0,1,1907.8082013672574
2724,2,1,Suburbs,Furnished,0,33,19,0,1,1374.228454986048
2302,4,1,Suburbs,Semi-Furnished,3,28,7,0,1,2411.2176425011135
1352,4,1,Downtown,Furnished,1,23,6,1,1,2552.650837884991
562,5,1,Rural,Semi-Furnished,0,21,7,1,0,1154.1512492776583
1740,1,2,Uptown,Unfurnished,2,1,0,1,0,2034.5464323276547
1188,5,1,Suburbs,Furnished,1,43,1,1,1,2034.2105410200559
1984,3,3,Uptown,Unfurnished,1,5,17,0,1,2693.7315608559684
2133,2,2,Downtown,Unfurnished,1,41,14,1,0,2117.816037861091
2652,3,1,Suburbs,Semi-Furnished,3,24,0,1,1,2261.8375786222045
1010,4,3,Downtown,Furnished,2,20,4,1,0,2589.679644651406
884,5,2,Uptown,Unfurnished,1,15,1,0,0,1844.4082887349969
904,5,3,Downtown,Semi-Furnished,0,30,19,0,0,1758.7033646511109
1017,5,1,Uptown,Furnished,0,13,2,1,1,2204.1710712092236
975,3,1,Downtown,Furnished,3,38,18,1,1,2265.286266022961
2500,4,1,Uptown,Unfurnished,0,27,17,0,1,2714.750815061456
2168,2,1,Rural,Furnished,1,31,17,1,0,1766.888584060241
2393,2,2,Downtown,Unfurnished,0,27,13,1,0,2125.013845049442
1960,3,2,Downtown,Furnished,1,48,7,1,0,2213.7426386654347
1213,5,3,Rural,Semi-Furnished,0,8,11,1,1,2332.6072989990703
582,1,1,Rural,Unfurnished,2,44,9,0,0,636.8518669220252
1668,3,3,Downtown,Unfurnished,3,21,19,0,0,2874.536553281718
2401,3,2,Rural,Furnished,3,31,16,0,1,2647.5798753443373
2548,4,1,Suburbs,Furnished,2,4,10,1,0,2861.998748527287
550,2,1,Uptown,Unfurnished,2,22,1,1,0,1146.3053785492914
1184,3,2,Uptown,Furnished,3,4,3,0,1,2476.686675701798
1216,3,2,Uptown,Semi-Furnished,2,41,0,0,1,1923.8350182101406
1969,5,2,Suburbs,Furnished,1,31,14,0,0,2311.524933587384
948,5,2,Rural,Semi-Furnished,0,9,12,1,1,2001.5435105665172
1380,1,2,Rural,Semi-Furnished,3,38,7,0,0,1104.930545049915
987,4,1,Downtown,Semi-Furnished,2,14,3,1,1,2235.334377818505
2323,1,2,Rural,Semi-Furnished,1,6,9,1,0,1836.5041481844898
2581,5,1,Downtown,Semi-Furnished,3,28,18,0,1,2756.6187742418397
2642,2,1,Suburbs,Furnished,2,46,17,0,0,2020.7671766036924
2074,5,2,Uptown,Semi-Furnished,3,2,4,1,1,3737.354367794411
2701,4,2,Uptown,Furnished,2,18,18,0,1,3160.091276967387
749,5,1,Uptown,Semi-Furnished,3,9,15,0,1,2309.267429000334
1173,4,2,Rural,Unfurnished,1,27,0,1,1,2036.815264049237
937,4,2,Downtown,Semi-Furnished,1,28,11,1,1,2494.5430545434924
2665,4,2,Downtown,Unfurnished,0,14,1,1,1,3089.635702251964
1270,4,3,Suburbs,Semi-Furnished,3,34,7,1,1,1834.336549262256
767,4,1,Rural,Semi-Furnished,0,5,17,1,0,1486.9463901697525
2484,2,3,Suburbs,Semi-Furnished,3,11,15,0,0,2307.7257381308855
1577,1,2,Downtown,Unfurnished,2,46,4,1,1,1809.3667250647995
735,3,3,Downtown,Unfurnished,2,37,12,1,1,2070.797575423132
888,1,2,Uptown,Semi-Furnished,0,12,18,1,0,1302.7360890035463
1262,4,3,Rural,Furnished,3,28,2,0,0,2273.35239842077
2348,2,2,Downtown,Semi-Furnished,0,18,7,1,1,2607.9619420479835
2948,5,3,Uptown,Unfurnished,1,2,11,1,0,3410.4628680997744
1123,2,3,Rural,Semi-Furnished,0,7,1,1,0,1568.3557669971901
1752,4,3,Suburbs,Unfurnished,0,7,10,0,1,2198.9938303450276
1077,2,1,Rural,Unfurnished,2,19,11,1,1,1576.905100307064
2622,2,3,Rural,Unfurnished,0,46,17,1,1,1925.5114329046999
934,4,1,Downtown,Semi-Furnished,3,3,12,1,0,2351.6116384299125
2650,2,2,Downtown,Unfurnished,2,20,4,0,1,2400.252283576554
1263,3,3,Rural,Unfurnished,0,2,11,0,1,1787.5179061085705
1829,3,2,Downtown,Semi-Furnished,1,44,1,0,0,2087.9977442259956
2645,2,2,Downtown,Unfurnished,0,7,4,0,1,2445.7530266583863
1858,5,3,Downtown,Semi-Furnished,0,22,6,1,0,2744.9799047299834
2982,4,1,Uptown,Unfurnished,0,15,11,1,0,2259.9860900179583
946,3,3,Uptown,Furnished,2,12,15,0,0,1929.3851782936022
2517,5,2,Rural,Furnished,3,2,7,0,0,2917.2050887772198
1831,2,2,Downtown,Unfurnished,1,47,8,1,0,1915.8502101543277
748,5,3,Uptown,Furnished,0,8,14,1,0,2560.6818024785425
665,1,1,Rural,Semi-Furnished,3,13,4,0,1,1041.2888868119605
1858,3,1,Downtown,Furnished,3,12,12,0,1,2782.4813234225244
1519,2,2,Suburbs,Unfurnished,2,6,4,0,1,1723.6796503302505
1041,4,2,Downtown,Unfurnished,1,14,10,0,0,2223.709149808099
1258,2,1,Downtown,Semi-Furnished,2,6,9,1,1,2211.5639693766107
2628,4,3,Uptown,Unfurnished,3,37,19,0,0,2727.2108807389277
2680,2,2,Rural,Semi-Furnished,3,33,12,0,1,2468.6598990482516
1296,5,1,Rural,Furnished,3,40,8,1,0,2537.99500819922
637,5,2,Uptown,Furnished,2,21,13,1,1,2309.351509953266
2731,5,3,Downtown,Semi-Furnished,1,23,17,1,0,3440.0020140421025
1853,1,1,Suburbs,Semi-Furnished,0,48,14,1,1,1764.4779215372769
2375,4,2,Downtown,Unfurnished,2,36,9,1,0,2833.541108210039
568,5,3,Downtown,Furnished,3,43,6,0,1,2627.088527232855
2600,1,2,Suburbs,Semi-Furnished,2,0,7,0,0,1988.8532120212774
1973,4,3,Uptown,Furnished,3,9,2,0,1,3344.5363034981483
704,2,3,Rural,Semi-Furnished,0,42,14,1,1,1282.9798333099766
2673,1,1,Uptown,Furnished,0,15,15,0,1,2087.5466251661633
542,3,3,Uptown,Unfurnished,1,45,3,1,0,1415.7032743422342
2406,1,2,Downtown,Furnished,3,7,5,0,0,2279.100427100518
2658,1,3,Rural,Furnished,1,48,0,0,0,1857.1366766757
1260,4,3,Rural,Furnished,1,24,3,1,0,2009.4622812355854
2642,2,1,Uptown,Furnished,0,49,10,1,0,2198.835515827097
2494,3,3,Suburbs,Furnished,2,11,11,0,1,2555.723894571795
2435,5,3,Uptown,Unfurnished,2,24,4,0,0,2825.036537908181
1399,5,2,Suburbs,Semi-Furnished,1,16,15,0,1,2332.8088501041225
859,1,1,Rural,Furnished,0,25,12,0,1,894.23336971115
2219,4,1,Uptown,Unfurnished,3,45,12,0,0,1828.5128445164228
780,4,1,Downtown,Furnished,2,47,16,1,1,2271.506630625797
2387,5,3,Uptown,Furnished,1,13,6,1,0,3246.194201381473
1166,3,1,Rural,Semi-Furnished,2,40,7,1,0,1245.8229127854206
592,2,3,Downtown,Furnished,2,35,12,1,0,1800.0260827074815
1171,3,3,Downtown,Unfurnished,3,22,15,0,1,2810.379348896006
2469,2,2,Suburbs,Unfurnished,0,42,3,0,0,1202.8854528292973
560,5,2,Downtown,Semi-Furnished,3,5,7,1,0,3046.6991223788546
1528,2,2,Downtown,Furnished,0,46,15,0,0,1725.8726938497296
1989,4,2,Uptown,Unfurnished,2,4,9,1,1,2941.189315243627
1103,1,2,Rural,Furnished,1,42,11,0,0,916.5407164791033
1181,1,3,Suburbs,Furnished,3,24,11,0,1,1677.1732880289092
1928,5,3,Uptown,Furnished,0,17,4,0,1,2887.0340193134734
2780,4,1,Downtown,Semi-Furnished,2,12,15,1,0,3190.251592408727
1023,3,3,Downtown,Furnished,0,42,0,1,1,2009.3400612745888
2893,4,3,Suburbs,Unfurnished,0,13,8,1,1,2989.321708848534
2468,1,2,Rural,Furnished,0,27,11,1,0,1477.1014529896383
1601,1,3,Suburbs,Unfurnished,2,17,4,0,0,1535.2057542283528
2253,4,2,Uptown,Furnished,1,27,19,0,0,2826.328521186438
2336,4,1,Suburbs,Unfurnished,1,26,2,0,1,1903.0961785385261
2796,1,1,Downtown,Unfurnished,1,31,4,0,0,2173.7485203437486
2594,3,3,Uptown,Furnished,0,46,1,1,1,2847.277082124864
1644,5,1,Downtown,Furnished,2,8,13,0,1,3411.685291071568
2761,5,3,Rural,Unfurnished,0,39,1,0,1,2469.458723537782
2786,4,1,Downtown,Semi-Furnished,1,31,12,0,1,3396.197180744546
1579,5,2,Downtown,Furnished,1,19,6,1,1,2671.3435691349523
2897,1,2,Suburbs,Semi-Furnished,2,27,9,1,0,1962.599239872775
606,1,2,Downtown,Furnished,0,32,12,1,0,1093.2860578754135
547,4,2,Uptown,Furnished,3,3,15,0,1,2813.710835369953
836,4,3,Uptown,Furnished,3,45,13,1,1,2415.6598012368327
1549,4,1,Rural,Furnished,1,33,10,0,0,1760.1629845261434
1780,3,3,Uptown,Semi-Furnished,2,47,9,0,0,2058.6476196170424
2555,5,2,Suburbs,Furnished,0,2,5,0,1,3056.5389627345426
1124,4,3,Rural,Unfurnished,0,25,3,1,1,1793.247688719733
2390,2,1,Uptown,Unfurnished,1,7,0,1,0,1973.6705498741903
1776,2,3,Suburbs,Semi-Furnished,1,5,6,0,0,1821.702680466686
2215,1,1,Uptown,Furnished,0,15,8,0,1,2183.2667265378955
802,5,3,Uptown,Unfurnished,0,23,7,1,0,2210.075447280346
1138,4,1,Downtown,Semi-Furnished,1,47,4,1,0,2181.5453700613043
555,2,1,Uptown,Furnished,0,38,18,1,1,962.7462191172016
1225,5,2,Uptown,Unfurnished,3,29,9,0,1,2408.9565605294592
1025,1,1,Suburbs,Unfurnished,1,44,10,0,1,960.8475671642855
973,3,2,Suburbs,Semi-Furnished,0,12,14,0,0,1241.595515112227
527,5,2,Downtown,Furnished,1,4,5,1,1,2305.865509261346
2625,5,2,Uptown,Furnished,2,24,14,1,0,3064.2920850300156
864,3,3,Downtown,Unfurnished,1,19,4,1,1,2307.713969935464
1025,5,3,Uptown,Unfurnished,1,17,18,0,1,2450.939458976668
1835,1,3,Rural,Unfurnished,2,46,18,0,0,1442.003939668204
1382,1,3,Rural,Furnished,3,17,9,1,0,1764.7982112903633
1530,3,1,Downtown,Semi-Furnished,0,1,11,0,1,2256.9766469838596
1526,4,1,Downtown,Semi-Furnished,2,9,3,1,1,2483.827338420735
2146,2,3,Downtown,Furnished,1,44,17,0,0,2434.991598728738
1418,4,1,Suburbs,Semi-Furnished,0,49,15,1,1,1529.642439420708
2910,5,1,Suburbs,Unfurnished,2,46,7,0,0,2180.827995967419
2274,2,2,Suburbs,Semi-Furnished,0,11,3,0,0,2038.6367261525374
2031,3,2,Downtown,Semi-Furnished,0,46,11,1,1,1964.3728099675227
2406,3,2,Uptown,Semi-Furnished,2,12,1,1,0,2604.6758033978945
1715,2,2,Rural,Unfurnished,0,49,3,1,0,1048.918887135138
2154,1,1,Downtown,Furnished,3,46,4,1,0,2583.840407171255
984,2,3,Suburbs,Unfurnished,2,10,2,1,1,1911.6796015240839
2575,5,1,Suburbs,Furnished,3,18,8,0,0,2727.637924925922
1213,1,1,Downtown,Furnished,1,34,17,1,1,1810.5569421359255
1562,3,1,Downtown,Furnished,0,38,10,1,1,2673.251474796106
2476,2,2,Suburbs,Semi-Furnished,1,25,2,1,1,1948.7448736539939
1796,4,2,Uptown,Semi-Furnished,1,45,1,0,0,1595.1103655538882
1754,4,2,Suburbs,Furnished,0,13,8,1,0,2355.201372492763
2633,5,3,Suburbs,Furnished,2,44,13,1,1,3239.228073481564
625,4,1,Downtown,Semi-Furnished,0,43,3,1,1,1815.706914677972
1036,2,3,Uptown,Unfurnished,1,23,8,0,0,1672.5251521743905
2692,2,2,Suburbs,Furnished,1,40,12,0,1,2600.1411301467597
2572,4,3,Suburbs,Unfurnished,2,0,17,1,1,2742.3725019247927
2103,2,1,Rural,Semi-Furnished,0,42,14,0,0,940.9393610709334
566,5,1,Downtown,Furnished,1,21,9,1,1,2605.4406667892376
732,1,2,Rural,Unfurnished,3,22,15,0,0,724.8748996571119
2656,5,2,Rural,Unfurnished,1,18,11,1,0,2406.6824053481273
1669,5,3,Suburbs,Unfurnished,1,17,19,0,1,2787.668910457054
2658,2,2,Downtown,Semi-Furnished,2,11,4,1,0,2445.0115736671423
2775,1,2,Uptown,Semi-Furnished,3,27,1,1,0,2297.245592577871
610,2,1,Suburbs,Unfurnished,1,27,9,0,0,673.1265097537191
1993,3,2,Uptown,Unfurnished,1,32,0,1,1,2588.3273283926555
2581,2,2,Uptown,Semi-Furnished,3,18,6,1,1,2386.739388343506
1122,2,1,Downtown,Unfurnished,0,27,16,1,1,1774.0950303012498
2972,2,1,Rural,Unfurnished,0,48,15,1,0,1527.9245883479844
2041,1,3,Downtown,Semi-Furnished,1,36,2,0,0,2036.0222425184902
1805,2,2,Uptown,Unfurnished,1,25,13,1,1,1921.1384547946282
2261,1,1,Suburbs,Unfurnished,0,34,9,0,1,1654.9612512371555
2475,4,3,Uptown,Unfurnished,2,33,6,0,0,2477.305996314749
2862,3,3,Suburbs,Semi-Furnished,3,34,16,0,1,2148.6040588220167
1376,1,2,Suburbs,Unfurnished,3,39,5,0,1,1140.2301500517397
2489,4,2,Downtown,Semi-Furnished,2,15,3,1,1,3192.239977886221
1812,1,3,Uptown,Semi-Furnished,2,37,16,1,1,2252.4707746324616
1960,1,1,Rural,Furnished,2,12,8,0,1,1658.317033887016
2824,3,3,Uptown,Furnished,2,22,3,1,0,2944.270774577185
2233,5,2,Uptown,Unfurnished,2,21,6,0,1,3098.6155807417967
2105,5,1,Rural,Semi-Furnished,2,15,1,1,1,2327.4549764075587
2026,1,1,Downtown,Furnished,3,27,16,1,0,2307.203311721662
2897,2,3,Uptown,Unfurnished,2,47,7,1,0,2446.7697633061975
2130,4,2,Uptown,Furnished,0,34,14,0,0,2468.5159072685924
1660,2,3,Suburbs,Furnished,2,44,14,0,0,1590.0303579234799
1258,2,3,Uptown,Semi-Furnished,2,45,7,1,1,1693.6011226650874
742,1,3,Rural,Semi-Furnished,3,7,15,0,1,1517.9788883504584
1563,1,1,Suburbs,Furnished,3,43,18,0,1,1322.3008293660428
728,1,1,Downtown,Furnished,2,21,10,1,1,1582.006161976165
1419,1,2,Suburbs,Semi-Furnished,3,20,1,0,0,1555.0599975703371
1746,5,2,Rural,Unfurnished,1,25,16,1,0,2270.6190762758365
505,1,3,Rural,Semi-Furnished,3,39,15,1,1,1516.000479153068
967,5,3,Suburbs,Furnished,3,20,14,1,1,2840.2935302433893
2255,5,3,Downtown,Unfurnished,3,24,12,0,1,3083.8712696737
574,1,2,Suburbs,Furnished,3,40,14,1,1,1356.2738480119992
503,3,1,Downtown,Unfurnished,0,0,3,1,0,1448.3743490563509
2370,4,1,Suburbs,Furnished,0,5,15,0,1,2254.6780806563434
1145,2,3,Rural,Unfurnished,0,22,11,0,0,1113.0601213860034
617,5,3,Uptown,Unfurnished,2,22,3,0,0,2234.8065750598244
2129,4,3,Uptown,Furnished,2,42,2,0,0,2749.4825421575015
2521,3,3,Downtown,Unfurnished,1,42,16,1,0,2362.3211737482457
1446,2,2,Downtown,Semi-Furnished,0,22,17,0,1,1806.5316849574526
1964,2,1,Downtown,Furnished,2,31,17,0,1,2393.426682931604
693,5,3,Rural,Semi-Furnished,3,29,16,0,1,1668.677509205831
1346,1,2,Suburbs,Furnished,3,12,11,0,1,1995.6344730497224
1915,3,3,Rural,Unfurnished,0,42,3,1,0,1691.7529947482496
1958,5,3,Uptown,Unfurnished,1,17,11,0,0,2380.8810278135884
2720,3,1,Downtown,Unfurnished,1,22,19,1,0,2350.5652812517865
2168,1,3,Suburbs,Furnished,3,14,14,0,1,2614.1327889843224
2873,1,1,Uptown,Semi-Furnished,1,32,15,1,0,1940.3373935708562
1933,5,1,Uptown,Semi-Furnished,0,20,4,1,0,2604.570405791282
1641,1,1,Uptown,Furnished,3,38,14,0,0,2004.931095980543
2310,4,2,Rural,Furnished,2,22,16,1,0,2889.489654571185
1223,2,2,Downtown,Semi-Furnished,2,26,17,0,1,1844.8136506765018
724,5,1,Uptown,Semi-Furnished,1,44,4,1,0,1122.4305760865439
1031,3,3,Downtown,Semi-Furnished,3,43,12,1,0,2148.099260906966
612,4,1,Rural,Semi-Furnished,3,17,18,1,1,2154.3152739557095
2687,5,3,Uptown,Furnished,2,23,12,0,1,3556.421984365235
1058,1,1,Rural,Furnished,3,46,17,1,1,971.0368962401706
2548,1,3,Rural,Unfurnished,3,39,13,0,0,1699.0243007139766
2637,1,2,Downtown,Semi-Furnished,3,41,3,1,0,2321.753345046639
1153,1,3,Uptown,Unfurnished,1,6,3,1,0,1496.9022865160405
819,3,1,Rural,Furnished,3,49,19,1,0,906.7092064040222
2073,4,2,Uptown,Furnished,0,47,19,1,1,2596.929845956975
2328,2,3,Downtown,Unfurnished,1,19,18,1,0,2417.024750728475
2417,3,3,Rural,Semi-Furnished,3,26,12,1,0,2803.038332179983
638,3,3,Downtown,Semi-Furnished,3,5,11,0,1,2339.206697596559
2526,2,3,Uptown,Semi-Furnished,0,26,6,0,1,2446.9157793796785
2806,2,3,Uptown,Semi-Furnished,1,8,11,0,1,2749.1827713007883
1401,1,2,Downtown,Unfurnished,2,44,3,1,0,1629.2466606347707
1189,3,2,Suburbs,Unfurnished,2,30,1,0,0,1064.0401423275712
2539,5,2,Rural,Furnished,1,20,1,1,0,2711.466738955742
509,2,2,Uptown,Semi-Furnished,3,25,4,0,0,1522.2229402638704
760,2,1,Uptown,Semi-Furnished,3,39,9,0,0,1181.8923939460394
2442,4,2,Rural,Semi-Furnished,2,47,9,1,1,2321.298616423497
2173,5,3,Downtown,Unfurnished,2,44,8,1,1,3243.734248293175
2719,5,3,Downtown,Semi-Furnished,2,12,12,0,0,3490.6723819681188
2560,2,2,Downtown,Unfurnished,0,48,6,0,0,2398.1789265888415
1691,1,3,Suburbs,Semi-Furnished,2,22,4,0,0,1508.1132687771155
2119,4,2,Suburbs,Semi-Furnished,0,19,9,0,0,1756.9984848979398
820,5,3,Uptown,Furnished,1,36,9,1,0,2326.8607034168663
1842,2,1,Downtown,Semi-Furnished,3,27,5,0,1,2322.513125424275
2136,5,1,Rural,Semi-Furnished,2,16,18,1,1,2807.1318022857404
2876,4,2,Uptown,Furnished,3,27,7,1,1,3194.993625574424
2494,4,2,Rural,Unfurnished,3,40,0,0,0,2297.7413438983626
2443,3,2,Uptown,Unfurnished,2,1,16,1,0,2582.049014500377
2538,2,3,Suburbs,Semi-Furnished,2,24,6,0,1,2165.6736150761117
1618,4,2,Uptown,Unfurnished,1,49,13,1,1,2338.1679248486785
2104,3,1,Suburbs,Semi-Furnished,0,40,16,1,0,1701.2497078863798
2865,3,3,Uptown,Furnished,0,5,8,0,1,3096.8695077604884
735,5,2,Downtown,Furnished,3,10,16,1,1,2985.9315957919835
2469,5,3,Rural,Semi-Furnished,2,37,4,1,0,2557.2836409758293
833,3,3,Downtown,Furnished,1,5,19,0,1,3094.840597991353
2408,5,2,Uptown,Furnished,1,44,7,1,1,3169.6716332890724
875,4,3,Uptown,Semi-Furnished,1,10,5,1,1,2169.603681745442
1660,1,1,Uptown,Semi-Furnished,1,13,10,0,0,1714.4334292442252
2070,4,1,Suburbs,Furnished,1,1,18,0,1,2846.4922731366596
1819,3,3,Rural,Unfurnished,0,39,3,1,1,2277.8341421047066
2355,3,2,Rural,Unfurnished,0,2,17,1,1,2825.0987365020187
1872,4,3,Uptown,Semi-Furnished,0,34,0,1,0,2437.5429765732256
1372,5,1,Uptown,Semi-Furnished,2,32,12,0,0,1946.0296512443745
1752,5,3,Suburbs,Unfurnished,3,23,13,1,1,2705.476646479136
2817,3,3,Downtown,Furnished,1,18,0,1,0,3270.084939678691
2351,2,1,Downtown,Unfurnished,2,17,10,1,1,2524.748926564195
1814,5,3,Rural,Unfurnished,1,48,16,1,0,2374.987361457718
1224,4,3,Suburbs,Unfurnished,0,23,3,1,0,1782.1441813871952
2552,5,2,Uptown,Unfurnished,2,44,11,1,1,3180.2843729632414
577,4,2,Rural,Semi-Furnished,0,34,9,0,1,1383.803310956198
631,3,1,Suburbs,Semi-Furnished,1,0,5,0,1,1145.7690073755832
1100,5,1,Downtown,Furnished,1,35,0,1,0,2056.5646660275434
2272,4,1,Suburbs,Furnished,3,24,6,1,1,2548.667406662987
1565,3,2,Downtown,Furnished,1,44,15,0,0,2057.158726453842
2636,2,1,Suburbs,Furnished,0,48,13,0,0,1714.865620053575
2949,4,1,Rural,Unfurnished,1,42,19,0,1,2174.839934531123
2843,2,1,Downtown,Semi-Furnished,3,33,19,1,0,2732.11302934822
2363,2,2,Rural,Semi-Furnished,3,24,5,1,1,2185.9629611166083
1818,1,3,Rural,Furnished,0,15,4,1,0,1910.391487636789
1115,5,1,Downtown,Furnished,2,33,17,1,1,2751.016336132377
2969,4,3,Downtown,Unfurnished,1,28,14,0,0,3401.3866183574773
2388,2,1,Uptown,Unfurnished,3,18,5,0,0,1968.9518149799455
1546,1,3,Uptown,Furnished,1,22,18,0,1,2544.683818230941
1074,3,2,Uptown,Semi-Furnished,1,18,0,0,0,1538.130029452079
2690,4,2,Rural,Semi-Furnished,2,24,0,1,1,2486.9886219278383
1492,2,1,Rural,Semi-Furnished,3,15,12,1,0,1552.6170019146925
2692,5,3,Uptown,Furnished,1,8,2,0,0,4064.0278297273617
1748,1,2,Rural,Semi-Furnished,3,0,9,0,0,1853.041047003725
1002,2,1,Rural,Unfurnished,0,41,2,0,1,961.5928206882523
2497,5,1,Downtown,Unfurnished,0,18,8,0,1,3077.537372328304
1320,2,2,Downtown,Furnished,1,32,7,0,1,1986.0813070995387
2651,4,2,Rural,Unfurnished,3,33,2,1,1,2810.708875273172
2470,4,1,Uptown,Furnished,1,15,12,1,1,3085.5004600634247
697,4,3,Suburbs,Semi-Furnished,3,43,5,0,0,1830.313349728882
2169,1,3,Uptown,Semi-Furnished,3,39,12,0,0,1922.7624566826696
2938,4,3,Suburbs,Semi-Furnished,2,17,19,0,1,2873.344691084518
1702,5,1,Uptown,Unfurnished,2,33,19,1,0,2088.0401205261755
1971,2,2,Downtown,Furnished,2,24,11,1,0,2623.502897375123
2146,3,1,Rural,Semi-Furnished,1,44,12,1,0,1691.590366703767
2192,5,2,Rural,Furnished,2,5,1,0,0,2605.6823623718965
1812,5,3,Downtown,Semi-Furnished,2,20,15,1,1,3296.632720812115
2535,4,3,Suburbs,Unfurnished,0,5,5,0,0,2514.1359047589717
977,1,2,Suburbs,Unfurnished,3,31,18,1,1,1531.1891519767528
1754,2,2,Suburbs,Furnished,3,40,12,1,1,2369.4736235803807
1422,1,1,Downtown,Unfurnished,2,47,16,1,0,1459.8558587228558
919,2,3,Suburbs,Unfurnished,3,42,8,0,1,1182.2270231735808
2704,2,1,Downtown,Furnished,0,38,16,0,0,2155.875683891071
1620,1,1,Uptown,Semi-Furnished,0,30,1,1,0,1662.4255326158182
1450,5,1,Uptown,Unfurnished,2,41,18,0,0,1998.097878624512
2836,2,3,Downtown,Furnished,0,9,18,0,1,3527.2307559102114
1777,1,1,Rural,Unfurnished,3,29,6,0,1,1548.220963697446
2743,2,1,Uptown,Unfurnished,1,17,9,0,1,2502.2471274356894
2357,3,1,Suburbs,Unfurnished,3,23,9,0,0,2186.244723247632
1016,5,1,Downtown,Unfurnished,1,8,19,0,0,1933.3722371181154
2158,4,1,Suburbs,Furnished,2,30,8,0,0,2290.390150022505
2365,2,1,Suburbs,Furnished,1,14,16,1,1,2095.1002197275875
1641,3,3,Rural,Furnished,0,3,14,0,0,2083.517530424507
2432,4,1,Suburbs,Unfurnished,3,39,1,0,0,2204.03392722461
1314,4,2,Rural,Unfurnished,1,8,3,1,1,1921.9332218935094
2775,2,1,Uptown,Unfurnished,3,44,18,1,1,2559.3674649055342
2400,1,1,Downtown,Furnished,2,8,16,1,1,2520.326202906833
2763,2,3,Suburbs,Unfurnished,2,25,4,1,0,2560.163964792314
2562,3,3,Downtown,Semi-Furnished,0,3,6,0,0,2668.1125635789303
2594,4,2,Suburbs,Unfurnished,2,16,17,1,0,2381.576515156243
2871,2,2,Downtown,Semi-Furnished,1,15,6,1,1,2648.428816801784
629,1,3,Suburbs,Unfurnished,2,14,16,0,1,1108.6292334324683
594,2,3,Suburbs,Furnished,0,34,6,0,1,925.4776386086401
2455,5,1,Suburbs,Unfurnished,3,4,3,0,1,2727.820172178334
1293,1,3,Suburbs,Semi-Furnished,3,4,7,1,0,1926.3974050666163
2334,3,2,Suburbs,Semi-Furnished,2,19,12,0,0,2039.2576800520333
2616,4,1,Suburbs,Unfurnished,1,14,3,1,0,2132.496276818672
2183,2,2,Suburbs,Semi-Furnished,0,17,5,0,0,1666.7526633137616
510,1,1,Suburbs,Semi-Furnished,1,46,4,0,0,500.0
2365,5,3,Suburbs,Furnished,0,1,11,1,0,3463.8219925171434
1211,1,2,Downtown,Unfurnished,2,28,3,0,0,1683.6442037080812
2570,5,1,Rural,Unfurnished,0,12,8,0,0,2376.119625434569
1314,3,1,Suburbs,Unfurnished,0,3,3,0,1,1758.0133096719096
845,4,3,Rural,Semi-Furnished,2,41,18,0,1,1635.6237863639874
2849,3,3,Suburbs,Unfurnished,1,44,13,0,0,2119.41736381876
862,2,3,Suburbs,Unfurnished,2,9,4,1,1,2072.788060686313
2943,1,2,Downtown,Furnished,0,30,17,1,0,2294.38419463675
2765,5,1,Uptown,Furnished,2,40,9,0,0,3126.089102628188
2688,5,3,Uptown,Furnished,0,7,18,1,1,3651.8417048624447
1484,1,2,Downtown,Semi-Furnished,2,2,11,1,0,2013.7021157493296
2139,1,2,Rural,Unfurnished,3,47,17,1,0,1438.9208132612575
1327,2,2,Uptown,Furnished,3,45,16,0,0,1844.2348041128375
855,3,3,Downtown,Furnished,2,8,10,0,0,2388.7941066990666
1847,5,3,Downtown,Furnished,1,29,2,0,0,2900.5595226546066
2363,2,1,Uptown,Unfurnished,0,10,16,1,0,1940.9684509766698
626,3,1,Rural,Unfurnished,3,34,0,1,0,791.9339095098129
1103,2,3,Downtown,Unfurnished,1,36,14,0,1,1696.739251129666
2428,5,2,Suburbs,Semi-Furnished,0,41,8,0,1,2201.5409707478057
1513,1,2,Rural,Semi-Furnished,3,12,14,1,0,1616.7462144333683
550,1,2,Rural,Furnished,3,35,2,1,1,1767.617176936301
1930,3,1,Uptown,Unfurnished,2,12,18,0,0,1971.8087612973163
2292,4,2,Uptown,Furnished,0,11,12,1,0,2681.253829250566
2136,3,1,Suburbs,Unfurnished,1,36,11,1,0,1565.1007817393804
2145,4,1,Downtown,Unfurnished,1,9,19,1,0,2713.1689535204227
2967,2,2,Uptown,Unfurnished,1,8,0,1,1,2971.2270919592547
1705,2,2,Uptown,Semi-Furnished,0,6,16,1,1,2288.1690426139085
2354,5,3,Rural,Semi-Furnished,1,1,12,1,1,3232.5415996468532
1066,4,3,Uptown,Unfurnished,1,22,0,1,1,2506.8461175223947
2918,5,2,Uptown,Furnished,1,38,9,0,0,3023.223272505366
1435,1,1,Uptown,Unfurnished,2,39,14,0,1,1788.1280367482416
2434,4,1,Uptown,Unfurnished,2,38,6,1,0,2366.046295768247
1832,3,1,Rural,Furnished,0,20,17,1,0,1937.8681152681818
701,1,1,Suburbs,Unfurnished,0,22,15,1,1,1089.6654143545384
2860,1,1,Suburbs,Furnished,1,28,13,0,0,2013.2850055975532
616,3,3,Downtown,Semi-Furnished,2,13,17,0,1,1679.8306511954524
1436,1,2,Uptown,Semi-Furnished,3,25,6,1,1,1919.1271660593707
1074,4,3,Rural,Furnished,3,4,16,0,1,2719.392951217297
2791,5,1,Downtown,Semi-Furnished,1,30,17,1,1,2926.8059440940883
1036,1,1,Downtown,Semi-Furnished,1,24,11,1,1,1728.1385590257973
2125,4,1,Suburbs,Furnished,2,30,7,1,0,2440.5307880026908
2622,2,1,Rural,Semi-Furnished,2,49,1,1,1,2157.7840967702746
885,4,2,Rural,Unfurnished,2,19,6,1,1,1764.113735532272
974,5,1,Rural,Unfurnished,0,43,3,1,0,1556.178683117849
917,4,2,Suburbs,Furnished,0,16,17,1,1,2080.4216494801663
2894,3,1,Suburbs,Semi-Furnished,1,44,5,0,1,2410.2100608104574
1438,5,2,Suburbs,Unfurnished,0,1,8,1,0,2716.209987562665
1454,2,3,Suburbs,Unfurnished,2,24,8,0,0,1844.6660878105104
1375,3,1,Suburbs,Semi-Furnished,2,12,13,1,1,1963.6037356216448
1262,4,2,Uptown,Semi-Furnished,0,38,7,1,0,2265.200799212361
1702,5,3,Uptown,Unfurnished,3,27,18,0,1,2951.6956083335967
1705,2,1,Rural,Unfurnished,1,41,2,0,0,910.9108572954767
1163,3,1,Downtown,Furnished,3,5,17,1,1,2723.645338609685
